{
  "a-et-sint-quisquam-assumenda-officia": {
    "id": "dGVybToxMDU=",
    "name": "A et sint quisquam assumenda officia",
    "slug": "a-et-sint-quisquam-assumenda-officia",
    "count": 5,
    "categoryId": 105
  },
  "ab-sequi": {
    "id": "dGVybToxMDc=",
    "name": "Ab sequi",
    "slug": "ab-sequi",
    "count": 26,
    "categoryId": 107
  },
  "asperiores-molestiae-saepe": {
    "id": "dGVybToxMDg=",
    "name": "Asperiores molestiae saepe",
    "slug": "asperiores-molestiae-saepe",
    "count": 1,
    "categoryId": 108
  },
  "aspernatur-rem-quis": {
    "id": "dGVybTo2MA==",
    "name": "Aspernatur rem quis",
    "slug": "aspernatur-rem-quis",
    "count": 1,
    "categoryId": 60
  },
  "aspernatur-tenetur-incidunt": {
    "id": "dGVybTo5MA==",
    "name": "Aspernatur tenetur incidunt",
    "slug": "aspernatur-tenetur-incidunt",
    "count": 2,
    "categoryId": 90
  },
  "assumenda-quis-aspernatur-distinctio": {
    "id": "dGVybTo5MQ==",
    "name": "Assumenda quis aspernatur distinctio",
    "slug": "assumenda-quis-aspernatur-distinctio",
    "count": 5,
    "categoryId": 91
  },
  "atque-quae-voluptas-debitis-ea": {
    "id": "dGVybToxMTk=",
    "name": "Atque quae voluptas debitis ea",
    "slug": "atque-quae-voluptas-debitis-ea",
    "count": 3,
    "categoryId": 119
  },
  "aut-quasi-debitis": {
    "id": "dGVybTo1Ng==",
    "name": "Aut quasi debitis",
    "slug": "aut-quasi-debitis",
    "count": 26,
    "categoryId": 56
  },
  "blanditiis-magni-ab-inventore": {
    "id": "dGVybTo2NQ==",
    "name": "Blanditiis magni ab inventore",
    "slug": "blanditiis-magni-ab-inventore",
    "count": 3,
    "categoryId": 65
  },
  "consequatur-excepturi-corrupti-ab-ut-similique": {
    "id": "dGVybTo2MQ==",
    "name": "Consequatur excepturi corrupti ab ut similique",
    "slug": "consequatur-excepturi-corrupti-ab-ut-similique",
    "count": 3,
    "categoryId": 61
  },
  "consequatur-tempora-ratione": {
    "id": "dGVybTo4OA==",
    "name": "Consequatur tempora ratione",
    "slug": "consequatur-tempora-ratione",
    "count": 2,
    "categoryId": 88
  },
  "corrupti-autem-nam-consequatur": {
    "id": "dGVybToxMTY=",
    "name": "Corrupti autem nam consequatur",
    "slug": "corrupti-autem-nam-consequatur",
    "count": 26,
    "categoryId": 116
  },
  "doloremque-ut-a-dolorum-eveniet-cupiditate": {
    "id": "dGVybTo2Mg==",
    "name": "Doloremque ut a dolorum eveniet cupiditate",
    "slug": "doloremque-ut-a-dolorum-eveniet-cupiditate",
    "count": 2,
    "categoryId": 62
  },
  "est-eos": {
    "id": "dGVybTo5Nw==",
    "name": "Est eos",
    "slug": "est-eos",
    "count": 4,
    "categoryId": 97
  },
  "est-impedit-a-quam": {
    "id": "dGVybTo1MQ==",
    "name": "Est impedit a quam",
    "slug": "est-impedit-a-quam",
    "count": 3,
    "categoryId": 51
  },
  "et-eos-molestiae": {
    "id": "dGVybTo3Mw==",
    "name": "Et eos molestiae",
    "slug": "et-eos-molestiae",
    "count": 4,
    "categoryId": 73
  },
  "et-harum-dolore-voluptatem": {
    "id": "dGVybTo4OQ==",
    "name": "Et harum dolore voluptatem",
    "slug": "et-harum-dolore-voluptatem",
    "count": 2,
    "categoryId": 89
  },
  "et-illum-nihil-atque-nisi": {
    "id": "dGVybTozNg==",
    "name": "Et illum nihil atque nisi",
    "slug": "et-illum-nihil-atque-nisi",
    "count": 1,
    "categoryId": 36
  },
  "et-suscipit-facilis-quos-exercitationem-voluptas": {
    "id": "dGVybTo4MQ==",
    "name": "Et suscipit facilis quos exercitationem voluptas",
    "slug": "et-suscipit-facilis-quos-exercitationem-voluptas",
    "count": 3,
    "categoryId": 81
  },
  "eveniet-sunt-et-consequuntur-alias": {
    "id": "dGVybTo5NQ==",
    "name": "Eveniet sunt et consequuntur alias",
    "slug": "eveniet-sunt-et-consequuntur-alias",
    "count": 2,
    "categoryId": 95
  },
  "fuga-aspernatur-quidem-voluptas-iusto": {
    "id": "dGVybTo0Mw==",
    "name": "Fuga aspernatur quidem voluptas iusto",
    "slug": "fuga-aspernatur-quidem-voluptas-iusto",
    "count": 3,
    "categoryId": 43
  },
  "id-ipsum-ut": {
    "id": "dGVybTo5Mw==",
    "name": "Id ipsum ut",
    "slug": "id-ipsum-ut",
    "count": 5,
    "categoryId": 93
  },
  "in-occaecati-quibusdam-nisi": {
    "id": "dGVybToxMjQ=",
    "name": "In occaecati quibusdam nisi",
    "slug": "in-occaecati-quibusdam-nisi",
    "count": 5,
    "categoryId": 124
  },
  "laboriosam-rerum-exercitationem-ea": {
    "id": "dGVybTozOA==",
    "name": "Laboriosam rerum exercitationem ea",
    "slug": "laboriosam-rerum-exercitationem-ea",
    "count": 1,
    "categoryId": 38
  },
  "laudantium-sunt-veniam-dolores": {
    "id": "dGVybTozMg==",
    "name": "Laudantium sunt veniam dolores",
    "slug": "laudantium-sunt-veniam-dolores",
    "count": null,
    "categoryId": 32
  },
  "maiores-velit-nobis-at": {
    "id": "dGVybTo1OQ==",
    "name": "Maiores velit nobis at",
    "slug": "maiores-velit-nobis-at",
    "count": 2,
    "categoryId": 59
  },
  "minima-et-qui": {
    "id": "dGVybToxMjA=",
    "name": "Minima et qui",
    "slug": "minima-et-qui",
    "count": 4,
    "categoryId": 120
  },
  "minima-minima-est": {
    "id": "dGVybTo4NA==",
    "name": "Minima minima est",
    "slug": "minima-minima-est",
    "count": 5,
    "categoryId": 84
  },
  "natus-temporibus-explicabo-in": {
    "id": "dGVybTo0NA==",
    "name": "Natus temporibus explicabo in",
    "slug": "natus-temporibus-explicabo-in",
    "count": null,
    "categoryId": 44
  },
  "nihil-explicabo-necessitatibus-ut-aspernatur": {
    "id": "dGVybToxMTU=",
    "name": "Nihil explicabo necessitatibus ut aspernatur",
    "slug": "nihil-explicabo-necessitatibus-ut-aspernatur",
    "count": 3,
    "categoryId": 115
  },
  "nulla-modi-eveniet-assumenda": {
    "id": "dGVybToxMjI=",
    "name": "Nulla modi eveniet assumenda",
    "slug": "nulla-modi-eveniet-assumenda",
    "count": 5,
    "categoryId": 122
  },
  "odio-asperiores-officia-numquam-repellat-maxime": {
    "id": "dGVybTozOQ==",
    "name": "Odio asperiores officia numquam repellat maxime",
    "slug": "odio-asperiores-officia-numquam-repellat-maxime",
    "count": 3,
    "categoryId": 39
  },
  "omnis-ut-ullam-voluptas-error": {
    "id": "dGVybTo2Ng==",
    "name": "Omnis ut ullam voluptas error",
    "slug": "omnis-ut-ullam-voluptas-error",
    "count": 1,
    "categoryId": 66
  },
  "optio-rem": {
    "id": "dGVybTo1Nw==",
    "name": "Optio rem",
    "slug": "optio-rem",
    "count": 2,
    "categoryId": 57
  },
  "perferendis-possimus-reprehenderit": {
    "id": "dGVybToxMTQ=",
    "name": "Perferendis possimus reprehenderit",
    "slug": "perferendis-possimus-reprehenderit",
    "count": 2,
    "categoryId": 114
  },
  "quam-sit-aut-quis-doloremque-aliquid-eum": {
    "id": "dGVybToxMDE=",
    "name": "Quam sit aut quis doloremque aliquid eum",
    "slug": "quam-sit-aut-quis-doloremque-aliquid-eum",
    "count": 2,
    "categoryId": 101
  },
  "qui-ab-consectetur-voluptas": {
    "id": "dGVybTo0Ng==",
    "name": "Qui ab consectetur voluptas",
    "slug": "qui-ab-consectetur-voluptas",
    "count": 4,
    "categoryId": 46
  },
  "quia-est-minima": {
    "id": "dGVybTo3MQ==",
    "name": "Quia est minima",
    "slug": "quia-est-minima",
    "count": 1,
    "categoryId": 71
  },
  "repellat-aut-rerum": {
    "id": "dGVybToxMDQ=",
    "name": "Repellat aut rerum",
    "slug": "repellat-aut-rerum",
    "count": 3,
    "categoryId": 104
  },
  "repellat-corporis-qui": {
    "id": "dGVybToxMDM=",
    "name": "Repellat corporis qui",
    "slug": "repellat-corporis-qui",
    "count": 5,
    "categoryId": 103
  },
  "reprehenderit-aperiam-omnis-labore-magni": {
    "id": "dGVybToxMDA=",
    "name": "Reprehenderit aperiam omnis labore magni",
    "slug": "reprehenderit-aperiam-omnis-labore-magni",
    "count": 1,
    "categoryId": 100
  },
  "rerum-libero-quo": {
    "id": "dGVybTo4NQ==",
    "name": "Rerum libero quo",
    "slug": "rerum-libero-quo",
    "count": 3,
    "categoryId": 85
  },
  "sed-quis-quia": {
    "id": "dGVybTo0Mg==",
    "name": "Sed quis quia",
    "slug": "sed-quis-quia",
    "count": 4,
    "categoryId": 42
  },
  "similique-consectetur-reiciendis-ad-qui": {
    "id": "dGVybTo3Nw==",
    "name": "Similique consectetur reiciendis ad qui",
    "slug": "similique-consectetur-reiciendis-ad-qui",
    "count": 8,
    "categoryId": 77
  },
  "ullam-temporibus-vitae-quisquam": {
    "id": "dGVybToxMTM=",
    "name": "Ullam temporibus vitae quisquam",
    "slug": "ullam-temporibus-vitae-quisquam",
    "count": 4,
    "categoryId": 113
  },
  "uncategorized": {
    "id": "dGVybTox",
    "name": "Uncategorized",
    "slug": "uncategorized",
    "count": 2,
    "categoryId": 1
  },
  "vitae-reiciendis-sunt": {
    "id": "dGVybTo4Nw==",
    "name": "Vitae reiciendis sunt",
    "slug": "vitae-reiciendis-sunt",
    "count": 3,
    "categoryId": 87
  },
  "voluptas-alias": {
    "id": "dGVybToxMTc=",
    "name": "Voluptas alias",
    "slug": "voluptas-alias",
    "count": 2,
    "categoryId": 117
  },
  "voluptas-quia-eos-vel-dicta-consequatur": {
    "id": "dGVybTo2OQ==",
    "name": "Voluptas quia eos vel dicta consequatur",
    "slug": "voluptas-quia-eos-vel-dicta-consequatur",
    "count": 2,
    "categoryId": 69
  },
  "voluptatem-eveniet-labore-animi": {
    "id": "dGVybTo0OQ==",
    "name": "Voluptatem eveniet labore animi",
    "slug": "voluptatem-eveniet-labore-animi",
    "count": 1,
    "categoryId": 49
  },
  "voluptatem-reiciendis-ut-natus": {
    "id": "dGVybToxMTA=",
    "name": "Voluptatem reiciendis ut natus",
    "slug": "voluptatem-reiciendis-ut-natus",
    "count": 1,
    "categoryId": 110
  }
}
