{
  "accusamus-animi-qui-et-et": {
    "id": "dGVybToyNg==",
    "name": "Accusamus animi qui et et",
    "slug": "accusamus-animi-qui-et-et",
    "count": null,
    "categoryId": 26
  },
  "khong-phan-loai": {
    "id": "dGVybTox",
    "name": "Chưa phân loại",
    "slug": "khong-phan-loai",
    "count": 17,
    "categoryId": 1
  },
  "commodi-nihil": {
    "id": "dGVybToyNw==",
    "name": "Commodi nihil",
    "slug": "commodi-nihil",
    "count": null,
    "categoryId": 27
  },
  "est-iusto-praesentium": {
    "id": "dGVybTozMQ==",
    "name": "Est iusto praesentium",
    "slug": "est-iusto-praesentium",
    "count": null,
    "categoryId": 31
  }
}