{
  "latest-projects": {
    "id": "cG9zdDoxMzk=",
    "pageId": 139,
    "status": "publish",
    "slug": "latest-projects",
    "dateGmt": "2024-11-25T11:18:46",
    "title": "Latest Projects"
  },
  "dich-vu": {
    "id": "cG9zdDoxMjc=",
    "pageId": 127,
    "status": "publish",
    "slug": "dich-vu",
    "dateGmt": "2024-11-25T03:49:34",
    "title": "Dịch vụ"
  },
  "shop-quan-ao-nam": {
    "id": "cG9zdDoxMjU=",
    "pageId": 125,
    "status": "publish",
    "slug": "shop-quan-ao-nam",
    "dateGmt": "2024-11-25T03:29:53",
    "title": "Shop Quần Áo Nam"
  },
  "shop-quan-ao": {
    "id": "cG9zdDoxMjM=",
    "pageId": 123,
    "status": "publish",
    "slug": "shop-quan-ao",
    "dateGmt": "2024-11-25T03:29:04",
    "title": "Shop Quần Áo"
  },
  "gioi-thieu": {
    "id": "cG9zdDoxMjA=",
    "pageId": 120,
    "status": "publish",
    "slug": "gioi-thieu",
    "dateGmt": "2024-11-25T03:22:35",
    "title": "Giới thiệu"
  },
  "my-account": {
    "id": "cG9zdDo5",
    "pageId": 9,
    "status": "publish",
    "slug": "my-account",
    "dateGmt": "2024-11-18T14:32:58",
    "title": "My account"
  },
  "checkout": {
    "id": "cG9zdDo4",
    "pageId": 8,
    "status": "publish",
    "slug": "checkout",
    "dateGmt": "2024-11-18T14:32:58",
    "title": "Checkout"
  },
  "cart": {
    "id": "cG9zdDo3",
    "pageId": 7,
    "status": "publish",
    "slug": "cart",
    "dateGmt": "2024-11-18T14:32:58",
    "title": "Cart"
  },
  "shop": {
    "id": "cG9zdDo2",
    "pageId": 6,
    "status": "publish",
    "slug": "shop",
    "dateGmt": "2024-11-18T14:32:58",
    "title": "Shop"
  },
  "Trang mẫu": {
    "id": "cG9zdDoy",
    "pageId": 2,
    "status": "publish",
    "slug": "Trang mẫu",
    "dateGmt": "2024-11-18T14:29:43",
    "title": "Trang mẫu"
  }
}