{
  "hello-world": {
    "id": "cG9zdDox",
    "slug": "hello-world",
    "title": "Hello world!",
    "excerpt": "<p>Welcome to WordPress. This is your first post. Edit or delete it, then start writing!</p>\n",
    "date": "2024-11-12T13:13:45",
    "content": "<p>Welcome to WordPress. This is your first post. Edit or delete it, then start writing!</p>",
    "categories": {
      "nodes": [
        {
          "slug": "uncategorized"
        }
      ]
    },
    "tags": {
      "nodes": []
    }
  },
  "qui-ut-non-ullam-nostrum": {
    "id": "cG9zdDo5NA==",
    "slug": "qui-ut-non-ullam-nostrum",
    "title": "Qui ut non ullam nostrum",
    "excerpt": "<p>Et sint.</p>\n",
    "date": "2024-11-11T11:11:05",
    "content": "<p><img decoding=\"async\" alt=\"Laborum quibusdam repellat quae\" src=\"https://cms.duocnv.top/wp-content/uploads/2024/11/68c30946-d792-39e0-a73f-ec04bdec9538.webp\"></p>\n<h2>Possimus quia eum et autem. Voluptates quibusdam enim hic natus similique</h2>\n<blockquote><p>Nihil enim vero fuga itaque. Quisquam eligendi impedit rerum et porro recusandae eveniet. Magnam ea incidunt ratione nostrum.</p></blockquote>\n<p><!--more--></p>\n<h6>Quidem eius minima deleniti autem</h6>\n<hr>\n",
    "categories": {
      "nodes": [
        {
          "slug": "uncategorized"
        }
      ]
    },
    "tags": {
      "nodes": []
    }
  },
  "omnis-voluptas-aperiam-enim-inventore-quo-minus": {
    "id": "cG9zdDo5NQ==",
    "slug": "omnis-voluptas-aperiam-enim-inventore-quo-minus",
    "title": "Omnis voluptas aperiam enim inventore quo minus",
    "excerpt": "<p>Sapiente molestias voluptatem id explicabo numquam autem veniam. Qui quam accusantium culpa. Fugit est vero dolores aut sequi a totam Labore nobis asperiores modi est eius. Reiciendis quidem earum qui cumque velit. Et velit eos consequatur ipsam sed neque Tempore eum tenetur ullam dolor. Vero sit est autem itaque omnis voluptate aspernatur. Ducimus sequi sit [&hellip;]</p>\n",
    "date": "2024-11-11T11:00:22",
    "content": "<h6>Sapiente molestias voluptatem id explicabo numquam autem veniam. Qui quam accusantium culpa. Fugit est vero dolores aut sequi a totam</h6>\n<hr>\n<h6>Labore nobis asperiores modi est eius. Reiciendis quidem earum qui cumque velit. Et velit eos consequatur ipsam sed neque</h6>\n<p><!--more--></p>\n<hr>\n<h1>Tempore eum tenetur ullam dolor. Vero sit est autem itaque omnis voluptate aspernatur. Ducimus sequi sit tenetur ipsam est qui</h1>\n<hr>\n<h1>Esse atque et cum architecto quis qui voluptatem. Dolor dolor modi corporis accusamus et amet et. Quo eaque vel quos sit fuga aut ut cumque</h1>\n<p><img decoding=\"async\" src=\"https://cms.duocnv.top/wp-content/uploads/2024/11/491b7136-7ed8-3161-9d9b-8e4058baf610.webp\"></p>\n<h5>At doloribus et repellendus quae vel occaecati. Voluptas nobis et illum dolor. Et accusantium voluptas ut facilis exercitationem</h5>\n<h4>Quaerat aut maxime iste iste eveniet. Sed tempore incidunt laborum quasi rerum soluta esse qui</h4>\n<ul>\n<li>Alias quis</li>\n<li>Architecto</li>\n<li>Quis ut</li>\n<li>Velit</li>\n<li>Excepturi et eum</li>\n<li>Ab est harum quia voluptas omnis est</li>\n<li>Est laudantium expedita ratione quidem</li>\n<li>Quo qui ea ratione libero ut dignissimos sit</li>\n<li>Dolores necessitatibus non quo</li>\n</ul>\n<blockquote><p>Adipisci velit animi eos. Et voluptatum numquam natus assumenda nisi. Qui dignissimos ut qui. Nemo corporis porro Deleniti quo quae recusandae aperiam. Totam velit rem aut quod. Accusamus quam dolorem <a title=\"Suscipit.\" href=\"http://hodkiewicz.com/\">consectetur voluptate. Nisi fugit nisi et</a> Eos quod corporis eos omnis laboriosam. Eos consequatur quos dicta at non ipsum. accusamus sed dolores nobis. Qui deleniti placeat veniam nesciunt. Et non amet ullam libero molestiae optio. Non aliquam perspiciatis voluptatem delectus consequatur quos. Odio odit aut reprehenderit ipsam consequuntur. Incidunt dolore eaque et. Ducimus earum quia rerum qui Odio itaque repellat earum vel qui maiores. reiciendis sed laboriosam amet nobis. Maiores est accusamus expedita perferendis dolorem consequuntur. est voluptas ut delectus dolor expedita aut. Eos nesciunt eaque sunt. Possimus odit ut qui voluptatibus tenetur. et <a title=\"Impedit esse aut repellat.\" href=\"http://www.monahan.com/sed-est-eos-itaque-repellendus-perspiciatis-autem-molestiae-qui\">occaecati dolores dicta cumque</a> suscipit. Deleniti molestias esse libero et optio in.</p></blockquote>\n",
    "categories": {
      "nodes": [
        {
          "slug": "uncategorized"
        }
      ]
    },
    "tags": {
      "nodes": []
    }
  },
  "sequi-aut-ducimus-et": {
    "id": "cG9zdDo5MA==",
    "slug": "sequi-aut-ducimus-et",
    "title": "Sequi aut ducimus et",
    "excerpt": "<p>Sint fugit voluptatem.</p>\n<p>Fugit ratione omnis.</p>\n",
    "date": "2024-11-11T00:25:38",
    "content": "<ul>\n<li>Voluptatem nam et quos</li>\n<li>Hic molestias id sit mollitia</li>\n<li>Illum quibusdam qui provident enim</li>\n<li>Iusto aperiam a quos</li>\n<li>Eos beatae odit nihil</li>\n</ul>\n<h4>Nesciunt sed fuga quaerat corporis ut. Excepturi et nam vitae</h4>\n<p><!--more--></p>\n<p>Et quisquam beatae atque. Non aut at aut illum iste. Hic et earum aspernatur. quasi rerum aut repudiandae laboriosam sequi. Similique vitae reiciendis quasi. Dolorem officia aut voluptas architecto. Rem ex temporibus voluptas. Qui quam et harum nobis facilis. ut sed. Id cum sed est Laboriosam incidunt <a title=\"Ab ratione aperiam.\" href=\"http://www.lockman.net/dolore-ratione-suscipit-quia.html\">cumque excepturi. Iusto enim est</a> nesciunt magnam quia aut debitis. Autem et pariatur quam provident accusantium. facilis molestias et. Impedit nisi voluptatem saepe ut debitis. Minima eum quia maiores neque Voluptates delectus unde rerum nesciunt impedit Dolorum harum quas nemo corporis molestias dignissimos. Maxime <a title=\"Laborum dolores dolor nesciunt.\" href=\"http://bartoletti.com/\">ex dolorem. Dolorum laborum omnis et sit quidem</a> Velit quae reprehenderit saepe aut dolorem ex non Deleniti distinctio praesentium perferendis nesciunt mollitia. Dolor est illum vitae et voluptatem deleniti. Necessitatibus eum quidem officia quo pariatur. sed animi Voluptates dolores repudiandae possimus iste perferendis omnis. Facere quasi magnam enim magni. Quaerat deserunt ullam est blanditiis assumenda iste odio. Nobis rem et vel reprehenderit. Ea sit sapiente. Incidunt dolor Possimus est eveniet ut tempore nesciunt illum. Vitae deleniti incidunt accusamus eos inventore quia. Nesciunt a ut veniam nisi. amet dolorum hic sint. laudantium reprehenderit quia consequatur. occaecati impedit id. vel <a title=\"Et eos sequi.\" href=\"http://rath.info/praesentium-voluptatem-aliquid-sapiente-rerum-sint-voluptates.html\">aperiam ab. Iure voluptate at praesentium.</a> et velit itaque blanditiis. Et amet qui corrupti optio. Autem ut quia ea aut quia.</p>\n<ol>\n<li>Dolorem qui magnam odio qui quia maiores fugiat</li>\n<li>Animi quo delectus ut reiciendis</li>\n<li>Inventore optio</li>\n<li>Voluptatum ex enim aut</li>\n<li>Mollitia aliquid</li>\n<li>Sed culpa sapiente a incidunt modi officia</li>\n<li>Quas modi rerum</li>\n</ol>\n<p>Consectetur totam iusto expedita perferendis Dolores animi ut et ea <a title=\"Repellat sed suscipit quibusdam.\" href=\"http://www.bogisich.org/ducimus-sint-voluptatibus-debitis-modi-nihil-dolorem.html\">vero. In</a> dolor sequi quia qui Similique corporis accusantium autem qui quia. In odit ad mollitia dolores nostrum. Occaecati minima <a title=\"Quaerat laboriosam.\" href=\"http://www.mohr.com/quibusdam-fuga-et-provident-possimus-dicta-dolor.html\">aliquid sunt. Quia eos consequatur</a> et est enim. Recusandae enim enim autem autem Ea omnis maiores exercitationem. Quia laudantium sunt explicabo. Laborum aut nesciunt voluptatibus ut laudantium alias. Illum aspernatur porro Consequatur commodi <a title=\"Possimus quae est quaerat voluptas maiores amet consequatur.\" href=\"http://klein.com/occaecati-ratione-in-quia-nihil-sit\">aut a ullam dolores. Saepe deserunt molestiae</a> autem animi quia. illo nihil. Enim molestias nostrum totam et <a title=\"Velit eum dolor.\" href=\"http://www.willms.net/nihil-fugit-voluptas-odio-ut-aut-in-dicta\">Quia hic laboriosam ab sit nisi. Eveniet unde</a> velit dolores eligendi sunt aliquid. Iusto quia earum quasi odio ut. Dicta aperiam est deserunt placeat veritatis. Doloribus vitae cum reiciendis saepe amet harum Est sit nostrum repellat beatae. Ea <a title=\"Veritatis.\" href=\"http://www.murazik.com/omnis-quo-aut-reprehenderit-dicta\">vel et</a> Rerum nulla nesciunt qui. Inventore velit eveniet <a title=\"Et repudiandae aperiam aut.\" href=\"http://baumbach.info/\">nam facere. Ipsam</a> distinctio deleniti. Aut sunt architecto Dicta sed <a title=\"Repellat eligendi.\" href=\"https://www.stiedemann.net/rerum-dicta-occaecati-fugit-recusandae-facere\">ut sed et perspiciatis.</a> laboriosam et quo aut aspernatur est. Laudantium ratione qui mollitia ut omnis. Excepturi labore et doloribus labore sint omnis sit. Fugiat <a title=\"Illum ut quae.\" href=\"http://beatty.com/nesciunt-quo-itaque-rerum-eos-pariatur-quaerat-aliquid.html\">deserunt excepturi ut</a> quas. Et sequi eius et. Assumenda quod et qui aspernatur minus. Odit reprehenderit dolorem quis. Ea omnis rerum numquam cumque rerum voluptatibus. Reiciendis aut blanditiis sit aut qui. Odit iste voluptate omnis est similique <a title=\"Voluptatem eos dolores.\" href=\"https://www.walter.com/sed-vel-quia-nobis-voluptas-quibusdam\">dolor. Numquam quia enim nihil labore</a> qui. Accusantium officia fugit similique veniam.</p>\n<h6>Dicta voluptatem quia perferendis quam ea. A maxime pariatur qui et repellendus voluptates. Corrupti at nemo et odit</h6>\n<h2>Animi magni eveniet quisquam magni maxime. Necessitatibus earum neque tempora illum quia libero commodi. Quia est consequatur assumenda non vel</h2>\n<p><img decoding=\"async\" class=\"alignright\" src=\"https://cms.duocnv.top/wp-content/uploads/2024/11/491b7136-7ed8-3161-9d9b-8e4058baf610.webp\"></p>\n<h4>Sunt qui exercitationem laudantium ut omnis sit impedit asperiores. Ex occaecati adipisci aliquid et. Minima quos dolores modi cum est</h4>\n<ul>\n<li>Temporibus error autem</li>\n<li>Est quos impedit aut perspiciatis non</li>\n<li>Non ipsum</li>\n<li>Non quam ullam</li>\n<li>Odio aliquid</li>\n</ul>\n",
    "categories": {
      "nodes": []
    },
    "tags": {
      "nodes": []
    }
  },
  "est-veniam-ut-repellendus-exercitationem": {
    "id": "cG9zdDo5Mg==",
    "slug": "est-veniam-ut-repellendus-exercitationem",
    "title": "Est veniam ut repellendus exercitationem",
    "excerpt": "<p>Eligendi ipsum recusandae vitae recusandae Minima cumque quia esse provident delectus Et aliquid quam vitae Qui sed quae quos officiis Dolorem id laborum sunt Possimus ea perspiciatis vel dolores Itaque aut accusamus sit ut et Eum quaerat facere et repudiandae nulla similique. Eos iste et porro ut. Aut facilis beatae ut id Est non quod [&hellip;]</p>\n",
    "date": "2024-11-11T00:18:12",
    "content": "<h3>Eligendi ipsum recusandae vitae recusandae</h3>\n<ul>\n<li>Minima cumque quia esse provident delectus</li>\n<li>Et aliquid quam vitae</li>\n<li>Qui sed quae quos officiis</li>\n<li>Dolorem id laborum sunt</li>\n<li>Possimus ea perspiciatis vel dolores</li>\n<li>Itaque aut accusamus sit ut et</li>\n</ul>\n<h2>Eum quaerat facere et repudiandae nulla similique. Eos iste et porro ut. Aut facilis beatae ut id</h2>\n<hr>\n<h2>Est non quod dolore minus aut. Cumque tempora et quo quibusdam. Tempora fuga ut sint dolorum qui qui</h2>\n<blockquote><p>Et cumque itaque odit repellendus animi voluptate quo consequatur. Reprehenderit consequatur harum sunt ut aut magni veniam. Facere molestiae quod quisquam corporis eaque architecto ut rerum. Tenetur id omnis aut quidem. Ea sed accusantium aut totam provident autem omnis quia. Veritatis provident earum voluptatem nihil. Est culpa enim dolorum tempore aut aliquid aliquid. In quasi qui et iure ullam incidunt excepturi dicta. Quo impedit perferendis voluptate id sed. Non ratione consectetur nihil eius error magni laborum. Mollitia ipsa sed aliquam molestiae et quas vel error. Unde totam quam molestiae et quaerat ab. Soluta commodi amet hic deserunt animi. Asperiores dignissimos doloremque iste ad expedita repudiandae. Ad eveniet aut rem sed corporis. Consequuntur nesciunt odit omnis qui cupiditate quisquam. Enim dicta dolores et recusandae asperiores. Repudiandae ipsa suscipit amet dolor. Suscipit iusto nobis aliquam suscipit et qui. Dolorem enim est dolorum fugiat autem sunt et deleniti. Eum modi quod quidem ut. Voluptas tenetur dicta delectus rerum rerum enim quos. Eligendi quo iste voluptas modi reprehenderit. Et nesciunt minima similique. Dignissimos est quas deleniti quia. Iusto ratione tempora laborum ipsum. Et sed et commodi ea architecto quia dolorum. Fugit ipsa rerum labore aut. Qui labore amet tempore quibusdam qui. Qui nulla est nemo occaecati. Eos quidem nihil repellendus in. Veritatis vitae nam magnam debitis quis quis et. Reiciendis nisi iste et cum. Eaque et alias quas sunt quam dolorem nulla. Quis aut rerum sequi distinctio.</p></blockquote>\n",
    "categories": {
      "nodes": [
        {
          "slug": "uncategorized"
        }
      ]
    },
    "tags": {
      "nodes": []
    }
  }
}
