{
  "doloribus-vero": {
    "id": "dGVybTo3OQ==",
    "name": "Doloribus vero",
    "count": 25,
    "slug": "doloribus-vero"
  },
  "amet-fugiat-molestiae-rem-modi-temporibus-distinctio": {
    "id": "dGVybTo1MA==",
    "name": "Amet fugiat molestiae rem modi temporibus distinctio",
    "count": 24,
    "slug": "amet-fugiat-molestiae-rem-modi-temporibus-distinctio"
  },
  "ad-unde-quia-voluptate-rerum": {
    "id": "dGVybTo5Mg==",
    "name": "Ad unde quia voluptate rerum",
    "count": 20,
    "slug": "ad-unde-quia-voluptate-rerum"
  },
  "vitae-ipsam-enim": {
    "id": "dGVybToxMDY=",
    "name": "Vitae ipsam enim",
    "count": 7,
    "slug": "vitae-ipsam-enim"
  },
  "debitis-omnis-et-ut": {
    "id": "dGVybTo2Nw==",
    "name": "Debitis omnis et ut",
    "count": 7,
    "slug": "debitis-omnis-et-ut"
  },
  "velit-dolor": {
    "id": "dGVybTo3Ng==",
    "name": "Velit dolor",
    "count": 6,
    "slug": "velit-dolor"
  },
  "qui-voluptatum-ut": {
    "id": "dGVybTo0MQ==",
    "name": "Qui voluptatum ut",
    "count": 6,
    "slug": "qui-voluptatum-ut"
  },
  "rerum-porro-non-non-perferendis-magnam": {
    "id": "dGVybTozNA==",
    "name": "Rerum porro non non perferendis magnam",
    "count": 6,
    "slug": "rerum-porro-non-non-perferendis-magnam"
  },
  "quis-doloremque-reprehenderit-reiciendis": {
    "id": "dGVybTo4Ng==",
    "name": "Quis doloremque reprehenderit reiciendis",
    "count": 5,
    "slug": "quis-doloremque-reprehenderit-reiciendis"
  },
  "est-sed-tenetur": {
    "id": "dGVybTo4Mg==",
    "name": "Est sed tenetur",
    "count": 5,
    "slug": "est-sed-tenetur"
  }
}
