{
  "eaque-nihil-rerum-quo-aut": {
    "id": "dGVybTozMA==",
    "name": "Eaque nihil rerum quo aut",
    "count": null,
    "slug": "eaque-nihil-rerum-quo-aut"
  },
  "earum-tempora-repellat": {
    "id": "dGVybToyOQ==",
    "name": "Earum tempora repellat",
    "count": null,
    "slug": "earum-tempora-repellat"
  },
  "non-rerum": {
    "id": "dGVybTozNA==",
    "name": "Non rerum",
    "count": null,
    "slug": "non-rerum"
  },
  "occaecati-vitae-aut-enim-id": {
    "id": "dGVybToyOA==",
    "name": "Occaecati vitae aut enim id",
    "count": null,
    "slug": "occaecati-vitae-aut-enim-id"
  },
  "qui-est-dicta": {
    "id": "dGVybTozNQ==",
    "name": "Qui est dicta",
    "count": null,
    "slug": "qui-est-dicta"
  },
  "quia-doloribus-fugiat": {
    "id": "dGVybTozMw==",
    "name": "Quia doloribus fugiat",
    "count": null,
    "slug": "quia-doloribus-fugiat"
  },
  "voluptatum-corrupti-rerum": {
    "id": "dGVybTozMg==",
    "name": "Voluptatum corrupti rerum",
    "count": null,
    "slug": "voluptatum-corrupti-rerum"
  }
}