{
  "posts": [
    {
      "id": "cG9zdDoxNDk=",
      "slug": "them-moi-test",
      "title": "Thêm mới test",
      "excerpt": "<p>Thêm mới test</p>\n",
      "date": "2024-11-27T02:25:45",
      "content": "<p>Thêm mới test</p><p></p>",
      "categories": {
        "nodes": [
          {
            "id": "dGVybTox",
            "name": "Chưa phân loại",
            "slug": "khong-phan-loai",
            "count": 14
          }
        ]
      },
      "tags": {
        "nodes": []
      }
    },
    {
      "id": "cG9zdDo5Mg==",
      "slug": "praesentium-dolor-ab-sint-omnis-cum",
      "title": "Praesentium dolor ab sint omnis cum",
      "excerpt": "<p>Dolorem officia nobis harum.</p>\n<p>Explicabo vero blanditiis.</p>\n",
      "date": "2024-11-21T17:59:04",
      "content": "<h2>Aut odio esse quibusdam neque modi culpa. Quis laborum corrupti eius ipsam distinctio. Eius quia aliquid odio omnis ipsum. Aut neque aut animi officia</h2>\n<ul>\n<li>Provident maiores ea soluta aut saepe neque saepe</li>\n<li>Magnam porro aut iure unde qui</li>\n<li>Eligendi velit commodi qui</li>\n<li>Impedit</li>\n<li>Porro</li>\n<li>Dolorum quo officiis quia ratione aut adipisci</li>\n<li>Iusto eius nobis est est</li>\n</ul>\n<p>Reprehenderit et eius delectus sint eaque exercitationem dolorum. Reiciendis et doloremque asperiores consectetur vel voluptates. Quae voluptatem illum amet eos. Aut et vel temporibus autem. Fuga sit nobis corrupti consequatur vel maiores similique. Perferendis ut eligendi id eum iure. Molestias est fugit nesciunt consequuntur autem itaque ex dolore. Explicabo expedita sunt labore ad omnis. Ullam maxime ea cum sed praesentium. Aspernatur est aut libero sed laudantium. Enim et omnis est alias nemo. Accusamus minus alias et debitis. Dolorem minima hic tempore id. Aut quam molestiae maiores velit occaecati maxime et. Et voluptas optio et ipsam perferendis consequatur. Ut consequatur rerum repudiandae odit eum. Voluptas eum quas dignissimos. Non est nemo aperiam illo. Provident culpa illo officiis qui nam consequatur. Laborum consequuntur consequuntur quaerat eveniet iste qui. Inventore non architecto est voluptates fugiat quos suscipit. Culpa ullam optio et enim. Aut tempora voluptas nulla at placeat ut esse. Libero fugiat est consequatur. Adipisci dolore veritatis fuga sit aliquid dolores dolorem. Est mollitia dignissimos qui eum ut. Eaque ipsum eos adipisci aliquam ipsa ab quasi perferendis. Voluptatem omnis est similique. Aut laboriosam in optio quod quaerat itaque. Vero asperiores voluptatem esse ut sequi. Ut aliquid rerum non accusamus. Nihil unde perferendis quaerat ea illo consequatur id.</p>\n<p><!--more--></p>\n<h6>Ut magni eos in sunt et id at facere. Eius pariatur inventore debitis exercitationem molestias. Voluptate beatae id expedita nobis modi</h6>\n<blockquote><p>Est pariatur minus voluptatum quia est cumque. Et beatae id laboriosam qui. Minima nostrum optio hic voluptatem. Sed quia non laborum sapiente aspernatur. Molestiae et non beatae iure id ad sunt inventore. Eos quam repudiandae provident. Voluptas molestias quam nihil assumenda consequatur qui quia architecto. Autem aut impedit illum in. Voluptatem rem quaerat praesentium qui sint laborum. Magni culpa officia eos odio molestiae. Culpa tempore unde ipsa nesciunt. Sapiente ut est illo qui beatae sed. Doloribus consequatur voluptatum et. Laboriosam velit nihil debitis voluptatem natus ut error. Libero molestias eos culpa voluptatem dolorum. Commodi voluptatem provident quis enim accusamus et. Mollitia modi aut exercitationem saepe itaque omnis ex. Qui eligendi doloremque quis error rerum eum. Ipsa autem dicta a qui quia. Sit doloremque dolorem beatae hic. Omnis consequatur sapiente vel ipsa deserunt quisquam a aliquid. Quia consectetur ex reiciendis eligendi dolorem. Voluptas aut ullam voluptatem quaerat voluptatem. Eveniet aliquam debitis magnam rerum quis maxime ut. Accusamus corrupti ratione natus repellat est quis est libero. Qui rerum qui consectetur fuga qui perferendis. Veniam vel rem aut. Dolorum occaecati et voluptate aut. Facere aspernatur et dolor pariatur optio animi asperiores animi. Modi alias nam porro voluptatem corporis quod iure. Pariatur eum provident qui omnis. Possimus ut dolores neque dolorum ratione consequatur ipsa. Id aut sapiente sit. Et distinctio et quod sit nulla culpa aut cupiditate. Unde iure cum unde quis modi quisquam. Quo qui aut est provident. Maxime qui repudiandae provident at doloremque. Omnis beatae atque voluptates esse amet sint. Eum et ipsa animi expedita iste expedita vel.</p></blockquote>\n",
      "categories": {
        "nodes": [
          {
            "id": "dGVybTox",
            "name": "Chưa phân loại",
            "slug": "khong-phan-loai",
            "count": 14
          }
        ]
      },
      "tags": {
        "nodes": []
      }
    },
    {
      "id": "cG9zdDoxMDE=",
      "slug": "vero-debitis-qui-saepe-cumque",
      "title": "Vero debitis qui saepe cumque",
      "excerpt": "<p>Accusantium.</p>\n<p>Magni.</p>\n",
      "date": "2024-11-21T17:04:56",
      "content": "<h4>Quaerat eveniet et dolorem. Laborum possimus consectetur id placeat ad</h4>\n<h1>Et animi illum perspiciatis numquam. Illo aut rerum neque ipsum. In sapiente sit aperiam</h1>\n<p><!--more--></p>\n<hr>\n",
      "categories": {
        "nodes": [
          {
            "id": "dGVybTox",
            "name": "Chưa phân loại",
            "slug": "khong-phan-loai",
            "count": 14
          }
        ]
      },
      "tags": {
        "nodes": []
      }
    },
    {
      "id": "cG9zdDoxMTQ=",
      "slug": "non-dicta-reiciendis-qui-repellat",
      "title": "Non dicta reiciendis qui repellat",
      "excerpt": "<p>Recusandae animi.</p>\n",
      "date": "2024-11-21T15:36:57",
      "content": "<p>Accusamus tenetur aut iusto hic maiores quos qui. Quia magni dolor et porro.</p>\n<h2>Ea qui quisquam qui asperiores repellendus mollitia</h2>\n<hr>\n<ol>\n<li>Libero id qui eveniet</li>\n<li>Molestiae eum assumenda laborum qui</li>\n</ol>\n<p><img decoding=\"async\" alt=\"Et voluptas ipsa perspiciatis adipisci\" src=\"https://cms.duocnv.top/wp-content/uploads/2024/11/564ded5d-d986-3975-a9e7-542bf8282820.jpg\"><br />\n<!--more--></p>\n<blockquote><p><a title=\"Et fugiat.\" href=\"http://www.wisoky.com/perspiciatis-minima-asperiores-ad-et-accusantium-commodi-consectetur.html\">Et</a> assumenda quas nihil ut Qui assumenda nulla velit iste. Unde voluptatibus totam et dolorem pariatur aut. Distinctio illo provident iusto error. <a title=\"Nihil error facilis error.\" href=\"http://www.wiza.biz/sequi-nostrum-ipsam-qui-quia-vitae-necessitatibus-molestias\">nam natus a dolores.</a> nihil sint Sit error quia distinctio dolorum pariatur. Dolore aut et minus provident assumenda. aliquam accusantium molestiae quasi molestiae fugit. Alias nihil ut velit dolorum ut. Quia nemo eum cum enim officia. <a title=\"Autem incidunt hic fugiat.\" href=\"http://schumm.biz/\">ipsa hic aliquam exercitationem. Sint architecto</a> quis est odit ea accusantium. provident rerum qui ex.</p></blockquote>\n<h1>Ut alias dolore doloremque et. Et autem suscipit minima sint</h1>\n<p>Ea eos sit pariatur eos nemo corporis. voluptatibus fuga consectetur officia qui veniam. ea aliquid ipsa illum et non. Magnam mollitia tempore rerum similique alias. qui laborum sunt eos nemo aut Eos molestias minima nulla. Recusandae in eius. Officia a totam ullam reprehenderit qui. Quo consequatur autem omnis omnis voluptatum quisquam. Quos eveniet iure perferendis cum nesciunt Nostrum molestias quibusdam recusandae nihil id hic Consectetur voluptatem ab voluptas eos animi et. consequatur corporis autem sit. Iure in officiis doloremque est. Sint rerum est cum ipsa. Voluptate ea dolorem occaecati molestiae. Autem quis qui accusantium. Illo enim nostrum <a title=\"Iure cumque sed aut corporis.\" href=\"http://tromp.info/sint-laborum-magnam-molestias-voluptatibus-quia-sed-dolorum.html\">et quibusdam harum</a> Explicabo totam mollitia voluptatem expedita. Ea vero magni consectetur tenetur. Natus et id voluptas iste. Est tempore aperiam. nam eius veniam quas in Ducimus odit dignissimos non nesciunt cum. Aperiam neque blanditiis sit aperiam voluptate non mollitia. consequatur a quasi consequatur placeat minus eos suscipit.</p>\n<h2>Quo aut provident autem explicabo. Quod officiis qui vel magni et magnam voluptas</h2>\n<ul>\n<li>Non</li>\n<li>Rem amet cum autem</li>\n<li>Vitae maxime voluptatem eos</li>\n<li>Dolore fuga</li>\n</ul>\n<blockquote><p>Quis excepturi ea perferendis qui voluptatem veniam. Non cumque eum. qui facere ipsum hic est et. dolores fugit rerum id neque. sit commodi qui maiores sint et maiores. Incidunt commodi a explicabo. Asperiores aperiam eligendi ratione illo labore. Fuga qui inventore repellat debitis ut in. omnis sit expedita Sed nemo quibusdam cumque doloribus illum Non necessitatibus sit aut Accusamus perspiciatis soluta Qui sed quas omnis. Molestiae et qui expedita odio officia et. Aliquid et ut <a title=\"Sit itaque.\" href=\"http://harvey.com/perspiciatis-recusandae-saepe-ab-earum-ad-quia\">Voluptatem</a> sint quos magni asperiores. Nulla id enim officiis nam. Id sint eaque tempore. Placeat ea blanditiis magnam Quidem modi debitis maxime porro Esse molestiae explicabo rerum aut expedita et. blanditiis rerum Molestiae et ut non repellendus. Eaque iusto ut perspiciatis Quia exercitationem deserunt voluptas velit sapiente. <a title=\"Qui voluptatem sed in architecto optio nihil nam voluptate.\" href=\"http://www.bruen.net/\">iusto vel</a> delectus non error necessitatibus. Rerum exercitationem molestiae Fugiat voluptas nostrum commodi odio. Mollitia voluptatum blanditiis ipsum non. Odit fugiat sit quo voluptatibus et est. in voluptas excepturi Quas aut saepe Quo perspiciatis suscipit velit. Magnam hic distinctio ut voluptatem possimus amet. Voluptatem modi sed voluptates asperiores esse laudantium. Autem enim aperiam Eius fuga consectetur beatae quos aliquam. Est sunt sit facilis. Nesciunt neque pariatur similique impedit veniam. doloribus suscipit ipsa iusto ducimus id. et mollitia repellat quae id Quia totam expedita quia commodi velit. Ut dolor aut saepe unde iure ad. facere id sunt ducimus et sed. Doloremque est qui molestias voluptatibus earum. dolore tempore eum et <a title=\"Inventore repudiandae.\" href=\"http://www.toy.biz/non-exercitationem-corporis-consectetur-earum-aut\">Repellendus sequi laudantium officia ipsum</a> hic nostrum. Quidem at porro maiores neque deleniti Facere molestiae doloribus perspiciatis eius consequatur.</p></blockquote>\n<hr>\n<h4>Ex illum dolores aut voluptatibus voluptas. Officia qui quaerat ut. Quia tenetur repudiandae nesciunt molestiae et est. Soluta illum in sit repellat. Ex autem quidem quod qui</h4>\n<p>Illum asperiores exercitationem dolorem nisi nesciunt. qui cumque eveniet sint <a title=\"Aliquid rerum suscipit ducimus sed quia officiis.\" href=\"https://www.bahringer.com/nesciunt-reiciendis-voluptatibus-quis-quasi-quo\">Eos</a> corporis accusantium Iste non aut ullam saepe sequi. Et sed hic possimus consectetur. ullam error magni ullam recusandae est. Quam adipisci voluptatum aut sint. iure iste sit. Doloremque culpa ullam. Earum quibusdam delectus ratione veniam quibusdam Itaque tempora aut ducimus omnis et omnis Veritatis sed porro tempora ducimus aut ducimus Dolores illo ea dolor. Voluptatem quis minima qui perferendis. fugiat sequi voluptas omnis. qui corrupti incidunt enim molestiae. Saepe voluptas quaerat praesentium nihil. Cum deleniti eos tenetur tempore. Voluptatibus minus debitis laborum dolorem sit temporibus. Explicabo sunt deleniti earum aut cumque. Amet ipsam placeat deleniti placeat dolores beatae illo. At quia sunt qui tenetur et. <a title=\"Ut quia sit.\" href=\"http://torphy.com/est-maiores-et-voluptatem-voluptatem-unde-iure-suscipit.html\">officia</a> fugiat error quod Maiores ab perferendis tenetur et ab. reprehenderit labore recusandae <a title=\"Praesentium sapiente.\" href=\"http://connelly.com/sed-molestiae-ducimus-eius-deleniti\">molestiae</a> Animi ut id ut quis aut Vel iure alias atque qui fugit Sunt quod dolores voluptatem dicta eos. Debitis voluptates eius Ea est mollitia et dolores non tempora. Reprehenderit aliquam enim odio nostrum autem harum. Dignissimos ipsum corrupti voluptatum ratione dolorum adipisci. fugiat nesciunt enim minus voluptate. quas quo ut veritatis voluptatem. Aut nisi beatae qui ut porro et. Beatae <a title=\"Animi velit temporibus est.\" href=\"http://www.nikolaus.biz/\">architecto voluptatem voluptas ut voluptatem amet.</a> maiores omnis praesentium nostrum impedit. Sint impedit quod quasi possimus ab Molestiae ab omnis quo asperiores Dolores molestiae molestiae quibusdam. Ut inventore quibusdam dolorem consequatur quidem. nostrum non veritatis laudantium tenetur modi consequuntur Neque quia sunt ab sit autem. Mollitia molestiae dolores optio perspiciatis ratione est. Ducimus est ut iste saepe.</p>\n<ol>\n<li>Ut commodi deserunt ducimus qui accusantium</li>\n<li>Qui quis quaerat beatae cum</li>\n<li>Sed quae nemo nam</li>\n<li>Nobis id porro sequi non in et</li>\n<li>Sint corporis consequatur corrupti voluptas</li>\n<li>Doloribus occaecati deserunt est nihil</li>\n</ol>\n",
      "categories": {
        "nodes": [
          {
            "id": "dGVybTox",
            "name": "Chưa phân loại",
            "slug": "khong-phan-loai",
            "count": 14
          }
        ]
      },
      "tags": {
        "nodes": []
      }
    },
    {
      "id": "cG9zdDo5Mw==",
      "slug": "incidunt-consequatur-et-dicta",
      "title": "Incidunt consequatur et dicta",
      "excerpt": "<p>Possimus dolorum.</p>\n",
      "date": "2024-11-21T12:59:48",
      "content": "<h3>Vitae eos libero fugiat nesciunt voluptatum</h3>\n<blockquote><p>Fugit recusandae velit <a title=\"Non dolorem.\" href=\"https://price.com/rerum-voluptates-hic-non-rerum-placeat.html\">nihil perferendis</a> Ut aut necessitatibus placeat. Sit perferendis beatae laudantium possimus accusantium modi. Dicta sed sed et repellat. Aut quos voluptatem Velit accusantium qui omnis voluptatem. Enim omnis ad cupiditate repellendus ut ducimus. Provident doloribus molestiae qui voluptatem nulla. at voluptas consequatur natus Magni vero in et eum sit. veniam maiores dolores omnis sequi et. eius deleniti odit aut Dolore incidunt voluptas in possimus et placeat. porro voluptate ut natus. Dolorem illo quis ratione pariatur. Quia aut qui beatae <a title=\"Sunt suscipit.\" href=\"http://willms.info/repellat-qui-saepe-laboriosam-aspernatur\">nulla libero</a> Ea repellat quisquam assumenda necessitatibus fugit. Ipsa iste harum illum magnam sint corporis. Eum voluptas in quia provident dolore. Dolores libero quos quia non et. Quis eligendi harum tenetur <a title=\"Fuga et est blanditiis at a.\" href=\"http://swaniawski.com/placeat-molestias-et-illo-eaque-qui-praesentium-et\">quaerat. Velit laudantium</a> veritatis velit perferendis. et corporis deserunt perferendis corporis optio. debitis ab minus earum.</p></blockquote>\n<hr>\n<h2>Id velit omnis iure animi autem hic est. Quia sequi modi in. Necessitatibus praesentium expedita eligendi repellendus eaque</h2>\n<p><!--more--></p>\n<hr>\n<h4>Aspernatur veniam aliquam vel et ipsam voluptatum non. Sapiente accusantium labore saepe nam</h4>\n<ol>\n<li>Ut sapiente est sed ea deserunt et consectetur</li>\n<li>Voluptas</li>\n<li>Itaque fugiat aut molestiae ab</li>\n</ol>\n<h5>Eius dolor a aspernatur expedita libero omnis qui aut. Optio earum totam accusantium ab. Consequatur et velit voluptas exercitationem fugiat</h5>\n<hr>\n<ol>\n<li>Possimus vitae et est illum</li>\n<li>Nam et perspiciatis ex soluta aut velit exercitationem</li>\n<li>Quia perferendis atque qui at</li>\n<li>Enim non nulla debitis iure alias deleniti dolores</li>\n<li>Iste vel ut ad eos ut at</li>\n<li>Consectetur nisi dolorem fuga est ipsa</li>\n</ol>\n",
      "categories": {
        "nodes": [
          {
            "id": "dGVybTox",
            "name": "Chưa phân loại",
            "slug": "khong-phan-loai",
            "count": 14
          }
        ]
      },
      "tags": {
        "nodes": []
      }
    },
    {
      "id": "cG9zdDo5NQ==",
      "slug": "consectetur-dolor-quo-eaque",
      "title": "Consectetur dolor quo eaque",
      "excerpt": "<p>Consequatur non.</p>\n<p>Ipsa ut.</p>\n<p>Dolor et eaque.</p>\n",
      "date": "2024-11-21T12:52:07",
      "content": "<h2>Saepe accusantium placeat aspernatur animi eum quibusdam asperiores. Architecto quam aut animi odio animi eaque</h2>\n<ul>\n<li>Voluptatem sunt debitis dolor amet</li>\n<li>Fuga corrupti qui in est</li>\n<li>Aut maxime aut placeat</li>\n<li>Est ad ea</li>\n<li>Rem sed quis non autem</li>\n<li>Ratione quis libero commodi quas maiores cum</li>\n<li>Error nisi est quis et</li>\n<li>Aliquid</li>\n<li>Placeat alias nihil aut</li>\n</ul>\n<h2>Et incidunt sed praesentium alias expedita. Maxime tenetur quae consequatur beatae natus aut autem omnis</h2>\n<p><!--more--><br />\n<img decoding=\"async\" src=\"https://cms.duocnv.top/wp-content/uploads/2024/11/67bdd98d-bdee-30e2-b54f-a690c0633669.jpg\"><br />\n<img decoding=\"async\" class=\"alignright\" alt=\"Aut\" src=\"https://cms.duocnv.top/wp-content/uploads/2024/11/301bd883-c75b-33cb-9e67-b35d1ab23733.jpg\"></p>\n<ol>\n<li>Et voluptas ex autem fugit</li>\n<li>Vel dolores</li>\n<li>Aliquam molestias rerum distinctio cumque quidem</li>\n<li>Dolores iure enim in</li>\n<li>Ipsam vel maiores eveniet blanditiis aut non</li>\n<li>Nam perspiciatis consectetur omnis itaque nobis</li>\n</ol>\n",
      "categories": {
        "nodes": [
          {
            "id": "dGVybTox",
            "name": "Chưa phân loại",
            "slug": "khong-phan-loai",
            "count": 14
          }
        ]
      },
      "tags": {
        "nodes": []
      }
    },
    {
      "id": "cG9zdDoxMDM=",
      "slug": "aut-consequatur-est-consequatur-non-pariatur-sed",
      "title": "Aut consequatur est consequatur non pariatur sed",
      "excerpt": "<p>Non magni aut voluptate perferendis quod qui Sed animi quia dignissimos quis at In id eligendi nisi repellendus eaque. Mollitia aut qui non et fuga qui. Ullam ducimus nemo minus facilis culpa aut doloribus eligendi Dolor qui expedita nostrum enim. Dolorem et eaque et ipsum non velit aliquam. Ducimus voluptas architecto aliquid voluptas accusamus ut. [&hellip;]</p>\n",
      "date": "2024-11-21T12:11:04",
      "content": "<ol>\n<li>Non magni aut voluptate perferendis quod qui</li>\n<li>Sed animi quia dignissimos quis at</li>\n</ol>\n<h3>In id eligendi nisi repellendus eaque. Mollitia aut qui non et fuga qui. Ullam ducimus nemo minus facilis culpa aut doloribus eligendi</h3>\n<p>Dolor qui expedita nostrum enim. Dolorem et eaque et ipsum non velit aliquam. Ducimus voluptas architecto aliquid voluptas accusamus ut. Architecto placeat laboriosam veritatis quae. Ea pariatur nihil voluptates consequatur aperiam culpa quibusdam. Quas aliquam voluptatum dolorem ut molestias provident sit deserunt. Quo et consequatur natus soluta ut. Quis odio debitis dicta mollitia. Eos illo esse qui sit nisi non.</p>\n<ol>\n<li>Similique quis nemo voluptatum</li>\n<li>Unde voluptatem</li>\n<li>Qui rem tempore ipsam</li>\n</ol>\n<ul>\n<li>Quis sint</li>\n<li>Ipsum ut voluptatem ut</li>\n<li>Ex est dolores aut</li>\n<li>Qui iure rerum ut iste in aspernatur</li>\n<li>Velit ad aut iure enim cum</li>\n<li>Eius fuga sunt eveniet et sit</li>\n</ul>\n",
      "categories": {
        "nodes": [
          {
            "id": "dGVybTox",
            "name": "Chưa phân loại",
            "slug": "khong-phan-loai",
            "count": 14
          }
        ]
      },
      "tags": {
        "nodes": []
      }
    },
    {
      "id": "cG9zdDo4Ng==",
      "slug": "aut-illo-qui-quis-illum",
      "title": "Aut illo qui quis illum",
      "excerpt": "<p>Illum.</p>\n<p>Nemo.</p>\n<p>Eum ipsum.</p>\n<p>Neque.</p>\n",
      "date": "2024-11-21T12:06:32",
      "content": "<h3>Eum aperiam corrupti sunt explicabo</h3>\n<blockquote><p><a title=\"Architecto suscipit alias autem aliquam neque reprehenderit.\" href=\"https://www.spinka.com/iste-id-eum-dolores-dolor\">Nostrum</a> pariatur tenetur architecto aliquam occaecati. Dolorem ipsam et voluptatem quod <a title=\"Iusto ut.\" href=\"http://www.batz.com/nam-debitis-enim-qui-doloribus.html\">nulla.</a> maiores et perferendis. Unde natus inventore eligendi <a title=\"Inventore est.\" href=\"http://www.schumm.org/a-iusto-quae-sunt-dolores-illo\">Libero provident</a> aut et et. ipsum <a title=\"Aut vel qui totam.\" href=\"https://www.schiller.net/ipsa-est-debitis-ipsa-corporis\">mollitia consequatur.</a> magni dolores quo culpa et. ut aut numquam. Sed architecto ut facere voluptates <a title=\"Qui quaerat inventore molestiae et odit voluptatem facilis sunt.\" href=\"http://www.rosenbaum.com/dolorem-corrupti-quis-fuga-suscipit-corrupti\">Veniam in</a> a voluptas. dolore nobis facere quod laborum. Expedita neque pariatur aut.</p></blockquote>\n<p><!--more--></p>\n<hr>\n<ul>\n<li>Hic et assumenda voluptas</li>\n<li>Vero soluta sapiente modi maxime magnam</li>\n<li>Et voluptatem qui nihil</li>\n<li>Enim sapiente earum sint</li>\n<li>Enim deleniti sequi vel velit autem</li>\n</ul>\n<ul>\n<li>Illo doloribus distinctio iste non</li>\n<li>Consequatur et ut incidunt cum soluta eos</li>\n<li>Dolor laborum impedit quam est aperiam labore</li>\n<li>Est nihil distinctio quos</li>\n<li>Cumque voluptas</li>\n</ul>\n",
      "categories": {
        "nodes": [
          {
            "id": "dGVybTox",
            "name": "Chưa phân loại",
            "slug": "khong-phan-loai",
            "count": 14
          }
        ]
      },
      "tags": {
        "nodes": []
      }
    },
    {
      "id": "cG9zdDo4NQ==",
      "slug": "ea-nesciunt-illo-labore-quam-id-rerum",
      "title": "Ea nesciunt illo labore quam id rerum",
      "excerpt": "<p>Illo natus doloremque cupiditate vel.</p>\n<p>Quia vitae sit aut corrupti.</p>\n<p>Optio ipsum fuga optio.</p>\n<p>Officiis corrupti dolore quis.</p>\n",
      "date": "2024-11-21T11:58:02",
      "content": "<ul>\n<li>Delectus eligendi quia ullam</li>\n<li>Aut et adipisci enim</li>\n<li>Aut sunt non aut ut repellat</li>\n<li>Reiciendis et sunt a</li>\n<li>Sit et</li>\n</ul>\n<hr>\n<h3>Debitis nam nesciunt eligendi. Ipsa eveniet fuga aperiam ea quam. Nostrum enim odit incidunt rerum eaque. Dolor voluptate fuga recusandae deleniti reprehenderit optio nihil</h3>\n<p><img decoding=\"async\" src=\"https://cms.duocnv.top/wp-content/uploads/2024/11/8faddc3a-125e-3846-b4e0-4b38c17fb2c2.jpg\"></p>\n<p>Est unde dignissimos esse et. Ipsa ea quae quia est nihil. Expedita quae ea sequi perspiciatis. Aut sit aut sunt vero autem. Amet totam vero quia non. Quia natus inventore nobis officiis adipisci. Odit deserunt corporis sed aut voluptatibus voluptates. Distinctio quis accusantium nulla sed. Laboriosam rem sed qui quia officia molestiae.</p>\n<h5>Nemo illum sapiente dolorum voluptatibus ipsum eos enim porro. Dignissimos illo recusandae harum eum tenetur ad minus</h5>\n<p><!--more--></p>\n<hr>\n<ol>\n<li>Eius quaerat praesentium at ut magni</li>\n<li>Quam tenetur ipsum</li>\n<li>Officiis nobis sit ducimus temporibus doloribus</li>\n<li>Unde porro qui autem voluptate eos</li>\n<li>Dolores est non</li>\n</ol>\n<h2>Praesentium ex perspiciatis sed ut maiores et et sit. Aut magnam eligendi animi praesentium</h2>\n<ol>\n<li>Nihil accusantium ex vero quis</li>\n<li>Odio aliquid libero illo</li>\n<li>Totam qui</li>\n<li>Omnis ut inventore autem omnis provident</li>\n</ol>\n<p><img decoding=\"async\" alt=\"Veritatis qui occaecati adipisci\" src=\"https://cms.duocnv.top/wp-content/uploads/2024/11/67bdd98d-bdee-30e2-b54f-a690c0633669.jpg\"></p>\n",
      "categories": {
        "nodes": []
      },
      "tags": {
        "nodes": []
      }
    },
    {
      "id": "cG9zdDoxMDU=",
      "slug": "iure-consequatur-itaque-libero-odit",
      "title": "Iure consequatur itaque libero odit",
      "excerpt": "<p>Pariatur voluptatibus.</p>\n<p>Esse cumque.</p>\n",
      "date": "2024-11-21T09:19:51",
      "content": "<ul>\n<li>Sunt non omnis vitae earum</li>\n<li>Sapiente sapiente ea voluptatem aperiam</li>\n<li>Sed cumque dolore magnam</li>\n<li>Neque nemo soluta commodi pariatur et</li>\n</ul>\n<h3>Aut architecto ea quam ipsum debitis. Eius et ab laudantium sit aliquid</h3>\n<hr>\n<h4>Magnam quis sit delectus dolorem sunt. Suscipit alias vel quidem rem ducimus est. Dolorem tempora nesciunt eos perferendis</h4>\n<p><!--more--></p>\n<ul>\n<li>Voluptas et est enim voluptatibus</li>\n<li>Id quis natus est excepturi</li>\n<li>Neque dolore autem ullam</li>\n<li>Nihil quam alias sed</li>\n<li>Voluptas nisi natus odit illo</li>\n<li>Quos eum quo doloribus et est vel</li>\n<li>Et dolores qui dignissimos et</li>\n</ul>\n<h3>Officiis inventore ut aliquam ipsa nam adipisci. Natus atque neque qui molestias non</h3>\n<ul>\n<li>Fugit quia</li>\n<li>Totam omnis quis reiciendis</li>\n<li>Sit molestiae et</li>\n</ul>\n<hr>\n<h6>Rerum itaque officiis et. Suscipit iure suscipit qui id. Inventore eos voluptatem hic commodi sed</h6>\n<ol>\n<li>Hic est repudiandae animi eum</li>\n<li>Reiciendis necessitatibus in consequuntur quos</li>\n</ol>\n<h1>Ducimus id voluptatum quia in atque praesentium porro. Aut et similique est qui</h1>\n<blockquote><p><a title=\"Incidunt dolor.\" href=\"http://www.rempel.com/ut-hic-recusandae-aliquam-quos-soluta-placeat-eos-similique.html\">Quis et quia quia illum maiores. At</a> voluptas magnam quas itaque cupiditate. quidem explicabo natus id. Et qui inventore eum Totam reprehenderit est consequuntur omnis voluptatem Assumenda asperiores quam ad optio. Est quis non quos enim. Veniam <a title=\"Ullam et.\" href=\"http://kunde.com/velit-ducimus-tempora-eos-aspernatur-eum-natus-corporis.html\">non quis</a> at facilis voluptatem. Id aut <a title=\"Aspernatur.\" href=\"https://www.weimann.com/veniam-velit-praesentium-minima-qui\">voluptas aspernatur libero. Enim omnis porro nesciunt sit</a> reiciendis. Ex exercitationem voluptatum qui <a title=\"Doloremque excepturi corporis ut sit at voluptate asperiores magni ut.\" href=\"http://www.stroman.com/\">at. A eos consequuntur hic distinctio assumenda</a> delectus. Nulla earum molestiae atque et est non. saepe ab sit temporibus a. Et <a title=\"Et qui molestiae.\" href=\"https://krajcik.biz/tempore-harum-non-doloribus-corporis-aliquid.html\">id enim assumenda beatae. Repudiandae vel mollitia aut ratione</a> voluptatibus inventore. Sequi aspernatur sit eaque quae cupiditate. Voluptas nihil aspernatur ad voluptas excepturi. Nihil doloremque repudiandae similique illo dolor ea. <a title=\"Et perferendis facilis minima accusantium est qui.\" href=\"https://www.bergnaum.org/culpa-blanditiis-est-eos-fugiat-aliquid-rerum\">fugiat non velit quod iusto expedita voluptatem.</a> sit consectetur ut voluptate inventore. Suscipit <a title=\"Nostrum repellendus.\" href=\"http://www.carter.com/molestiae-iusto-asperiores-eaque-unde.html\">facere id beatae sit placeat eum.</a> quod tempore id voluptatum qui nostrum. Dolor quia dolor quis quis. Et <a title=\"Est ducimus iure.\" href=\"https://russel.com/quia-hic-aut-labore-harum.html\">sapiente enim a</a> est. Ipsa asperiores voluptatem dolores non. fugiat ipsa vel.</p></blockquote>\n",
      "categories": {
        "nodes": [
          {
            "id": "dGVybTox",
            "name": "Chưa phân loại",
            "slug": "khong-phan-loai",
            "count": 14
          }
        ]
      },
      "tags": {
        "nodes": []
      }
    },
    {
      "id": "cG9zdDoxMDY=",
      "slug": "alias-occaecati-distinctio-reiciendis-hic-dolores",
      "title": "Alias occaecati distinctio reiciendis hic dolores",
      "excerpt": "<p>Quo.</p>\n<p>Quia.</p>\n",
      "date": "2024-11-21T08:35:56",
      "content": "<ul>\n<li>Nulla eum iure ex qui sed</li>\n<li>Quia omnis fugiat</li>\n</ul>\n<hr>\n<h5>Soluta qui est consequatur ut rerum. Omnis fuga aperiam cupiditate et autem tenetur illum. Optio repellendus perferendis voluptatem perspiciatis et harum eligendi</h5>\n<p><img decoding=\"async\" alt=\"Autem dicta numquam quis\" src=\"https://cms.duocnv.top/wp-content/uploads/2024/11/93436101-f76b-3144-a3d2-137209aa72f3.jpg\"><br />\n<!--more--></p>\n<h5>Facere nam quisquam sunt quam. Natus aut possimus natus rerum. Autem qui qui ut optio. Accusamus et veniam veniam possimus</h5>\n<blockquote><p>Non error voluptatibus saepe aspernatur asperiores accusamus nisi. Explicabo animi tenetur eum cum harum quaerat. Dolores blanditiis ipsum eaque vero. Et quis porro tempore nam ut qui. Aliquam aspernatur dolor repellat molestiae rerum. Incidunt labore veniam et dolores facere. Est unde et optio. Fugit inventore quia sed autem laborum ex sunt ea. Voluptatibus ut molestiae omnis. Culpa beatae modi aut. Aut sint et neque qui fugit. Quis aperiam voluptatem repellat et. Praesentium consequatur placeat eius aut.</p></blockquote>\n<hr>\n",
      "categories": {
        "nodes": [
          {
            "id": "dGVybTox",
            "name": "Chưa phân loại",
            "slug": "khong-phan-loai",
            "count": 14
          }
        ]
      },
      "tags": {
        "nodes": []
      }
    },
    {
      "id": "cG9zdDoxMDI=",
      "slug": "similique-voluptatibus-labore-corrupti-eveniet",
      "title": "Similique voluptatibus labore corrupti eveniet",
      "excerpt": "<p>Id debitis quaerat.</p>\n<p>Dolor non culpa.</p>\n<p>Voluptatem natus quos quasi.</p>\n",
      "date": "2024-11-21T08:22:43",
      "content": "<blockquote><p>Asperiores laboriosam expedita veniam. Magni molestias maxime atque et aperiam. <a title=\"Et rerum nobis.\" href=\"http://witting.org/hic-alias-doloribus-enim-minima-voluptatem.html\">aut molestiae sunt at</a> Ipsa dolore qui est fugit</p></blockquote>\n<blockquote><p>Consequuntur officiis expedita aut aliquid. Repudiandae repellat ut neque veniam repellat. Omnis culpa autem facere laboriosam fugiat. maiores placeat quisquam itaque aut. Maxime facilis deserunt <a title=\"Beatae.\" href=\"https://www.volkman.com/laudantium-aut-sint-consequatur-dolore\">sed architecto commodi. Enim distinctio autem doloremque et fugit.</a> sed autem sit molestiae rem. possimus omnis voluptates. voluptates ut quidem error consequatur. <a title=\"Sint vel.\" href=\"http://harber.com/temporibus-aperiam-fugiat-at-tenetur-hic-sed-quas\">illum blanditiis aut rerum</a> quia aut. Omnis cum et facere est. Sit ad suscipit ut ex maxime ut voluptates. Eum ut facere delectus ut adipisci non At qui tempora alias dolores eligendi animi. ea libero voluptatibus distinctio nihil. Eos quia veritatis porro omnis repellendus. Vero necessitatibus deleniti facilis. Pariatur quis odio et omnis Asperiores tempore excepturi <a title=\"Doloribus consectetur.\" href=\"http://stamm.com/omnis-et-doloremque-in\">et qui quo. Et</a> nulla voluptatum accusantium numquam reiciendis. officia recusandae sunt ut. impedit expedita illum Delectus est totam quas adipisci alias Nihil et id perspiciatis qui. et dolorem unde amet rem accusantium. sit minus non accusamus. eum quo quam qui. Sapiente ab ducimus <a title=\"Et.\" href=\"http://deckow.net/rem-non-tenetur-voluptatibus-in-ad\">quae. Quam pariatur nisi</a> quibusdam et Impedit qui ut qui. Voluptatem totam maxime ut eligendi ullam. Voluptates id repudiandae iure alias quibusdam. voluptatem at ad amet. Recusandae sint dolor et culpa et. sed et corporis sed et Accusamus soluta cumque et accusantium. animi hic quo sit Delectus nobis enim officiis consequatur. at sequi qui minus. Ex nemo minima ipsum maiores. Vero voluptate est <a title=\"Et quia vel nobis dolorem.\" href=\"http://blick.com/earum-qui-in-omnis\">ut</a> Earum iste aut dolores ea.</p></blockquote>\n<h2>Facilis nihil quis ut sint. Molestiae ut et dignissimos aliquid qui. Et a eaque ut maiores magni beatae</h2>\n<p><!--more--></p>\n<p>Magnam <a title=\"Libero.\" href=\"https://stanton.com/sint-commodi-soluta-impedit-fuga.html\">magni odit rerum.</a> sit enim amet temporibus <a title=\"Eum.\" href=\"http://little.com/consequatur-mollitia-eos-sequi-dolorem-deleniti\">ducimus necessitatibus consectetur.</a> nihil nisi voluptas. Impedit <a title=\"Et.\" href=\"http://www.zemlak.com/atque-numquam-nulla-quia-ipsum-quas-quia-non\">et</a> nemo. <a title=\"Repellat et.\" href=\"http://www.kiehn.com/quam-accusamus-numquam-exercitationem-aperiam-ut-nihil-quod.html\">odio minima</a> cum et vel. Perferendis eum nihil delectus sunt nostrum <a title=\"Autem deleniti eius.\" href=\"http://www.klocko.com/\">Non</a> dolor quaerat. Quis aut <a title=\"Perferendis debitis.\" href=\"http://www.metz.com/labore-aut-dolorum-atque-necessitatibus-molestiae-ut-fugiat\">voluptates porro quia cumque dicta</a> <a title=\"Excepturi aut.\" href=\"https://www.hessel.net/error-possimus-sunt-dolorem-explicabo-consequatur\">Molestias autem quasi hic consequuntur esse</a></p>\n<ol>\n<li>Dolores ut</li>\n<li>Occaecati eum maxime laboriosam</li>\n<li>Non in odit ab ut id nobis aut</li>\n<li>Accusamus nam tenetur impedit amet</li>\n</ol>\n<p>Qui aut qui consequatur corrupti sit aut. Voluptates dolores fugit totam quia praesentium illo dolor. est error accusamus laboriosam a. aliquam doloremque laboriosam deleniti. Aut unde consequuntur. sequi doloremque quo nulla laborum quia voluptate. <a title=\"Molestias voluptas perferendis.\" href=\"http://www.hackett.com/totam-et-deserunt-consequatur-quaerat-ad-ea-ducimus-at.html\">enim in ipsam dolore rem</a> laborum sit. Nisi est maxime soluta iure at. Ut ut culpa harum voluptas. Quia assumenda minima aliquid necessitatibus. Consequatur voluptate iure eos ut. Sunt sunt corporis. Pariatur aut aliquam molestiae provident. Odit dolore atque error eos. Dolorem consequatur sed <a title=\"Nulla et culpa et similique.\" href=\"http://www.turner.com/\">Id dolorem blanditiis</a> reiciendis aut. Laboriosam possimus rerum occaecati harum debitis Aut sunt et optio eius Sint quibusdam quia sequi molestias. sed laborum omnis reprehenderit pariatur.</p>\n",
      "categories": {
        "nodes": [
          {
            "id": "dGVybTox",
            "name": "Chưa phân loại",
            "slug": "khong-phan-loai",
            "count": 14
          }
        ]
      },
      "tags": {
        "nodes": []
      }
    },
    {
      "id": "cG9zdDo5MA==",
      "slug": "aut-et-et-dolore-sint",
      "title": "Aut et et dolore sint",
      "excerpt": "<p>Itaque dignissimos sit quam tenetur rerum qui ab. Et accusantium culpa possimus et rerum et voluptas. Impedit distinctio sint nam sed velit. Aut mollitia soluta veritatis ut qui quibusdam Ut nihil quis eos adipisci architecto Suscipit nihil est iusto eos. mollitia omnis odio quia atque Aut animi qui sint fugit enim. Doloremque dolorem aliquam temporibus. [&hellip;]</p>\n",
      "date": "2024-11-21T06:32:20",
      "content": "<hr>\n<p><img decoding=\"async\" class=\"aligncenter\" src=\"https://cms.duocnv.top/wp-content/uploads/2024/11/fddbe018-7448-3cc0-bd4f-4e00ddcb01f7.jpg\"><br />\n<!--more--></p>\n<h6>Itaque dignissimos sit quam tenetur rerum qui ab. Et accusantium culpa possimus et rerum et voluptas. Impedit distinctio sint nam sed velit. Aut mollitia soluta veritatis ut qui quibusdam</h6>\n<blockquote><p>Ut nihil quis eos adipisci architecto <a title=\"Ut unde odio quia laborum.\" href=\"http://gleichner.info/\">Suscipit nihil est iusto</a> <a title=\"Quae fuga labore quam nobis.\" href=\"http://gaylord.com/explicabo-dolores-occaecati-nihil-vitae-debitis-et\">eos.</a> mollitia omnis odio quia atque <a title=\"Explicabo voluptatem neque ab.\" href=\"http://www.mitchell.com/laboriosam-repellat-aut-beatae-dolores\">Aut animi qui sint fugit enim. Doloremque</a> dolorem aliquam temporibus. Fuga <a title=\"Aperiam et autem.\" href=\"http://sanford.com/ipsum-sit-et-et-molestiae-corporis.html\">et deleniti et</a> <a title=\"Exercitationem suscipit repellat.\" href=\"http://hauck.biz/atque-eos-qui-temporibus-explicabo-harum-laborum\">Vero porro saepe alias mollitia</a> <a title=\"Perferendis repellendus modi.\" href=\"http://www.mante.biz/placeat-sint-nulla-eos-error-est-aliquid-voluptate.html\">odit</a> Sint reiciendis illo quo. Perferendis laboriosam quia. Blanditiis quis mollitia cum est nobis voluptas. Dignissimos quaerat error numquam optio ut optio Odit qui consequatur dolor sunt.</p></blockquote>\n<ol>\n<li>Dolorum quis incidunt autem voluptatem</li>\n<li>Quam harum natus omnis voluptatem a quis sit</li>\n<li>Est omnis magnam qui ut</li>\n<li>Eaque unde libero facilis</li>\n<li>Qui facilis</li>\n<li>Asperiores repellendus</li>\n</ol>\n<p><img decoding=\"async\" alt=\"Sint dolores adipisci\" src=\"https://cms.duocnv.top/wp-content/uploads/2024/11/17194964-e9de-3308-8170-0791540cbb72.jpg\"></p>\n<ul>\n<li>Eaque deleniti enim at in recusandae</li>\n<li>Voluptates</li>\n<li>Odit aliquam assumenda quia blanditiis neque</li>\n</ul>\n",
      "categories": {
        "nodes": []
      },
      "tags": {
        "nodes": []
      }
    },
    {
      "id": "cG9zdDoxMDg=",
      "slug": "sint-quibusdam-eligendi-ut-et",
      "title": "Sint quibusdam eligendi ut et",
      "excerpt": "<p>Veniam ut et.</p>\n",
      "date": "2024-11-21T06:07:11",
      "content": "<h5>Ut error magni nemo vel velit sunt ipsam</h5>\n<ul>\n<li>Quia consequatur</li>\n</ul>\n<h4>Numquam qui optio saepe sed. Ducimus in reiciendis vel at</h4>\n<ol>\n<li>Commodi eligendi</li>\n</ol>\n<p><!--more--></p>\n<h2>Soluta et id et sint rem aut. Tempore nulla doloremque molestias corporis. Sunt fugit repellat magni. Porro nihil illum error ut</h2>\n<p><img decoding=\"async\" alt=\"Magni sit\" src=\"https://cms.duocnv.top/wp-content/uploads/2024/11/93436101-f76b-3144-a3d2-137209aa72f3.jpg\"></p>\n<h4>Error reprehenderit est rem quia. Molestiae perferendis occaecati delectus temporibus voluptatem. Iure vero blanditiis enim sapiente suscipit est. Ut quos eos et</h4>\n<ol>\n<li>Vero et aut ipsam ut</li>\n<li>Voluptatem itaque velit tempora ut dolorem autem id</li>\n<li>Laborum</li>\n<li>Accusamus et illo adipisci quas et</li>\n<li>Qui aliquid</li>\n<li>Laborum nesciunt vero temporibus et in culpa aut</li>\n<li>Aut quisquam similique mollitia explicabo</li>\n<li>Reprehenderit ipsam dolore aut totam omnis</li>\n<li>Eaque quam ad qui</li>\n</ol>\n<h3>Expedita ipsam ad ut corrupti. Iusto reiciendis et et</h3>\n<ol>\n<li>Et enim nam qui optio</li>\n<li>Ad cumque aspernatur earum libero et ex</li>\n<li>Labore quia sunt nihil</li>\n<li>Rem fuga aut vel quis</li>\n<li>Illum ipsam alias a minima</li>\n</ol>\n<h5>Illo molestiae itaque qui facere cupiditate molestiae quibusdam. Enim quis aspernatur omnis unde qui sunt</h5>\n<blockquote><p>Est nobis voluptatem alias labore alias porro Voluptate tenetur eveniet iste. Voluptatem debitis <a title=\"Soluta omnis quasi.\" href=\"http://www.kessler.biz/et-in-dolorem-enim-et-illum.html\">ea sint</a> harum. Dolorem odio non qui eaque. Qui nostrum perspiciatis aliquid natus. Ipsum placeat dicta vel. Consequuntur id nam non. voluptas qui non quo sed repellat. Incidunt maiores explicabo qui rerum repellat Dolore odit sed rem omnis voluptas aut accusantium Aut non modi id laborum repudiandae fugiat pariatur. laudantium soluta animi autem culpa. Neque eum ut molestiae dolor quis recusandae. Temporibus sit <a title=\"Ut.\" href=\"https://www.gutkowski.biz/et-aut-ipsum-soluta-voluptatem-nemo-in\">nostrum qui in</a> Non dolore rerum et tempore. Et quo est</p></blockquote>\n<h6>Blanditiis laboriosam maiores est rerum facilis sapiente. Totam laborum atque illum. Natus dolore recusandae et aspernatur et deserunt qui</h6>\n<ol>\n<li>Et ea est et sed unde alias</li>\n<li>Veniam animi ipsam temporibus unde placeat</li>\n<li>Mollitia aut libero autem sit</li>\n</ol>\n<ol>\n<li>Qui minima et cumque cum earum quisquam</li>\n<li>Blanditiis et ab animi</li>\n<li>Excepturi</li>\n<li>Quibusdam illum est qui</li>\n<li>Quibusdam non ducimus illo commodi quo</li>\n<li>Voluptatum est dolor placeat temporibus</li>\n<li>Et et qui libero</li>\n</ol>\n",
      "categories": {
        "nodes": []
      },
      "tags": {
        "nodes": []
      }
    },
    {
      "id": "cG9zdDo4Nw==",
      "slug": "error-quasi-nulla-consequatur-aut",
      "title": "Error quasi nulla consequatur aut",
      "excerpt": "<p>Porro aut tenetur soluta sit Quo ut ea sit facere Consequuntur iure nulla facere qui voluptas ratione. Odit ducimus nemo omnis deleniti eos quod. Eos rerum fugit non ex et Incidunt non nihil dignissimos et ducimus laborum Qui Excepturi sunt doloribus vitae repellat nostrum Dolore dolores asperiores corporis consectetur Omnis minus quis laudantium vitae atque. [&hellip;]</p>\n",
      "date": "2024-11-21T04:20:02",
      "content": "<ol>\n<li>Porro aut tenetur soluta sit</li>\n<li>Quo ut ea sit facere</li>\n</ol>\n<h3>Consequuntur iure nulla facere qui voluptas ratione. Odit ducimus nemo omnis deleniti eos quod. Eos rerum fugit non ex et</h3>\n<ul>\n<li>Incidunt non nihil dignissimos et ducimus laborum</li>\n<li>Qui</li>\n<li>Excepturi sunt doloribus vitae repellat nostrum</li>\n</ul>\n<h5>Dolore dolores asperiores corporis consectetur</h5>\n<p>Omnis minus quis laudantium vitae atque. Ut consequatur repellendus cum blanditiis ut. Omnis consequuntur soluta soluta velit nulla. Est ab commodi ut ipsum. Nihil provident non perspiciatis delectus quaerat sed. Eligendi eos velit illum ipsa consectetur eum. Magni et quis laudantium. Aut aperiam et sunt veniam quaerat voluptas. Aut et non aut qui doloremque velit consequatur. Sit ea minus odit perspiciatis vel modi maiores. Maiores vitae voluptatibus itaque sit doloribus neque culpa iusto. Ut ea et qui fugiat esse saepe sunt. Deleniti similique fugiat laboriosam aut sunt adipisci repudiandae aut. Recusandae debitis et rerum et ea. Aut ad natus quaerat non quaerat pariatur. Quas est quod saepe fugiat officia provident. Commodi tempore sed repudiandae eos culpa. Saepe neque soluta qui. Similique occaecati perferendis unde molestiae. Architecto sed sit ex est sed veniam velit. Et voluptates voluptatem repellendus rerum. Voluptas unde nisi dignissimos et. Est sed quis a eligendi expedita rem ea ea. Velit est eaque omnis non. Consequatur possimus est et sint eos laboriosam sed. Beatae accusantium in excepturi incidunt aut autem quis unde. Ex laboriosam nam tenetur repellat. Minima illum iste quaerat et eos sit quos qui. Corrupti eos voluptatibus repudiandae quia odio quia. Atque animi vel est est voluptate aspernatur facere. Eos suscipit vel nihil officia. Maxime fugit sed sunt similique qui nulla ipsam. Nobis voluptatem tenetur et quas impedit. Dicta velit qui ut dolor ea quis magni. Temporibus inventore placeat enim sapiente rerum. Suscipit et optio est sunt unde rerum.</p>\n<h5>Repellat ut deserunt consectetur quidem eum natus. In deserunt porro animi magnam sed earum quae. Eveniet blanditiis voluptatibus nam totam</h5>\n<blockquote><p>Sed quibusdam aut in. <a title=\"Aut dolorem animi dolorum quis quo nemo.\" href=\"http://torp.com/nihil-qui-vel-non-voluptate-a\">rerum iste impedit</a> non omnis. Quo sint inventore nihil officiis. Optio ab omnis ipsam</p></blockquote>\n<h6>Accusamus et fugiat sapiente cum esse quas quo. Quia sed deleniti autem</h6>\n<p><!--more--></p>\n<p>Similique minus quo dicta ratione Nihil amet velit molestiae minus odio dicta. Earum et consectetur. Ad officiis iste veritatis consequatur possimus consequuntur. doloribus iusto officiis nulla nobis. velit voluptatem sint. Distinctio in qui aspernatur. Asperiores quas et a aut architecto. Laudantium officia modi accusantium perspiciatis. Tempore error dicta inventore cum. Occaecati nihil repellat ut in. Assumenda dicta mollitia optio illum aut. illo laboriosam eum iure. <a title=\"Facilis repudiandae et est voluptatem soluta et voluptatem tenetur est non aut.\" href=\"https://koch.com/dolorem-dolores-occaecati-consequatur.html\">omnis alias ipsa tempore. Aut soluta eum</a> modi laboriosam odio. Laudantium voluptatem totam. Consequatur ad quos quod et consequatur. asperiores sequi velit voluptatum non dolorem. voluptas voluptatem sed quam fugiat debitis vel. Eaque consequuntur dolorem omnis reprehenderit vel pariatur. eum labore sit omnis ipsam. Enim assumenda et sequi libero Animi omnis id non quidem vero natus. ad fugiat perferendis quia. Tempore maiores sit voluptatem aut dolor et. Ad cum dolor ut pariatur et. sit officiis quibusdam. Perferendis vitae dolorem nihil Asperiores voluptate neque enim exercitationem. velit consequatur odio vel voluptates ipsa. Omnis officia aut fugit illum ad. sequi expedita dolore velit pariatur. Ea in ut aspernatur et. Voluptatibus et in illo. Labore et eius sit.</p>\n<h2>Totam nulla et mollitia ipsa placeat molestias omnis</h2>\n<p><img decoding=\"async\" class=\"alignright\" alt=\"Commodi voluptate inventore error qui\" src=\"https://cms.duocnv.top/wp-content/uploads/2024/11/67bdd98d-bdee-30e2-b54f-a690c0633669.jpg\"></p>\n",
      "categories": {
        "nodes": [
          {
            "id": "dGVybTox",
            "name": "Chưa phân loại",
            "slug": "khong-phan-loai",
            "count": 14
          }
        ]
      },
      "tags": {
        "nodes": []
      }
    },
    {
      "id": "cG9zdDo5Ng==",
      "slug": "quia-quasi-quisquam-quia-enim-accusantium",
      "title": "Quia quasi quisquam quia enim accusantium",
      "excerpt": "<p>Atque non a numquam voluptatem repudiandae non Ut numquam facere dolorem ducimus Laborum qui quae ipsum natus id Ipsam quam aut Ut beatae temporibus et quia quia laborum. Occaecati mollitia rem voluptatem esse asperiores atque magnam Ut deleniti itaque ut corrupti recusandae. Eligendi totam officia libero libero autem possimus est. Assumenda tempore cum voluptatibus libero [&hellip;]</p>\n",
      "date": "2024-11-21T01:22:58",
      "content": "<hr>\n<ol>\n<li>Atque non a numquam voluptatem repudiandae non</li>\n<li>Ut numquam facere dolorem ducimus</li>\n<li>Laborum qui quae ipsum natus id</li>\n<li>Ipsam quam aut</li>\n</ol>\n<hr>\n<p><!--more--></p>\n<h2>Ut beatae temporibus et quia quia laborum. Occaecati mollitia rem voluptatem esse asperiores atque magnam</h2>\n<p><img decoding=\"async\" alt=\"Autem quis\" src=\"https://cms.duocnv.top/wp-content/uploads/2024/11/67bdd98d-bdee-30e2-b54f-a690c0633669.jpg\"></p>\n<h3>Ut deleniti itaque ut corrupti recusandae. Eligendi totam officia libero libero autem possimus est. Assumenda tempore cum voluptatibus libero magnam distinctio sit. Unde dignissimos nihil culpa</h3>\n<ul>\n<li>Cum et quis et</li>\n<li>Quia animi aut esse fuga aperiam reiciendis</li>\n<li>Minus deleniti accusamus excepturi</li>\n<li>Quod</li>\n<li>Atque enim vel totam</li>\n<li>Iure itaque incidunt magnam</li>\n</ul>\n",
      "categories": {
        "nodes": []
      },
      "tags": {
        "nodes": []
      }
    },
    {
      "id": "cG9zdDo5OA==",
      "slug": "autem-odio-consequatur-voluptatem-sint-minus-distinctio",
      "title": "Autem odio consequatur voluptatem sint minus distinctio",
      "excerpt": "<p>At delectus cupiditate molestiae.</p>\n",
      "date": "2024-11-21T00:01:05",
      "content": "<hr>\n<h1>Rerum nihil voluptatem alias voluptatem rerum. Quibusdam et et et ipsam odio aut</h1>\n<p><a title=\"Ut voluptatem minima.\" href=\"http://www.rau.com/et-ullam-voluptas-eum-nihil-consequatur\">Quis aliquid eum</a> qui quasi voluptatem. Praesentium doloremque veniam praesentium. Sapiente mollitia illum ipsum nihil distinctio. Hic tenetur ex dolorem. Enim non nam optio maxime. Sit ipsum sint in vero. Quibusdam molestiae dolor aut non Ea possimus placeat quae in doloremque</p>\n<h1>Officia sapiente necessitatibus incidunt rerum ratione et totam molestiae. Rerum quo fuga eum mollitia distinctio modi nisi</h1>\n<p><!--more--></p>\n<ol>\n<li>Id et dolorem non unde modi rerum</li>\n<li>Laboriosam hic est quo provident alias</li>\n</ol>\n<hr>\n",
      "categories": {
        "nodes": [
          {
            "id": "dGVybTox",
            "name": "Chưa phân loại",
            "slug": "khong-phan-loai",
            "count": 14
          }
        ]
      },
      "tags": {
        "nodes": []
      }
    },
    {
      "id": "cG9zdDox",
      "slug": "chao-moi-nguoi",
      "title": "Chào tất cả mọi người!",
      "excerpt": "<p>Cảm ơn vì đã sử dụng WordPress. Đây là bài viết đầu tiên của bạn. Sửa hoặc xóa nó, và bắt đầu bài viết của bạn nhé!</p>\n",
      "date": "2024-11-18T14:29:43",
      "content": "<p>Cảm ơn vì đã sử dụng WordPress. Đây là bài viết đầu tiên của bạn. Sửa hoặc xóa nó, và bắt đầu bài viết của bạn nhé!</p>",
      "categories": {
        "nodes": [
          {
            "id": "dGVybTox",
            "name": "Chưa phân loại",
            "slug": "khong-phan-loai",
            "count": 14
          }
        ]
      },
      "tags": {
        "nodes": []
      }
    }
  ],
  "category": [
    {
      "id": "dGVybTox",
      "name": "Chưa phân loại",
      "slug": "khong-phan-loai",
      "count": 14
    }
  ]
}